id,username
1,robot1
2,robot2
3,robot3
4,robot4
5,robot5
6,robot6
7,robot7
8,robot8
9,robot9
10,robot10
11,robot11
12,robot12
13,robot13
14,robot14
15,robot15
16,robot16
17,robot17
18,robot18
19,robot19
20,robot20
21,robot21
22,robot22
23,robot23
24,robot24
25,robot25
26,robot26
27,robot27
28,robot28
29,robot29
30,robot30
31,robot31
32,robot32
33,robot33
34,robot34
35,robot35
36,robot36
37,robot37
38,robot38
39,robot39
40,robot40
41,robot41
42,robot42
43,robot43
44,robot44
45,robot45
46,robot46
47,robot47
48,robot48
49,robot49
50,robot50
51,robot51
52,robot52
53,robot53
54,robot54
55,robot55
56,robot56
57,robot57
58,robot58
59,robot59
60,robot60
61,robot61
62,robot62
63,robot63
64,robot64
65,robot65
66,robot66
67,robot67
68,robot68
69,robot69
70,robot70
71,robot71
72,robot72
73,robot73
74,robot74
75,robot75
76,robot76
77,robot77
78,robot78
79,robot79
80,robot80
81,robot81
82,robot82
83,robot83
84,robot84
85,robot85
86,robot86
87,robot87
88,robot88
89,robot89
90,robot90
91,robot91
92,robot92
93,robot93
94,robot94
95,robot95
96,robot96
97,robot97
98,robot98
99,robot99
100,robot100
101,robot101
102,robot102
103,robot103
104,robot104
105,robot105
106,robot106
107,robot107
108,robot108
109,robot109
110,robot110
111,robot111
112,robot112
113,robot113
114,robot114
115,robot115
116,robot116
117,robot117
118,robot118
119,robot119
120,robot120
121,robot121
122,robot122
123,robot123
124,robot124
125,robot125
126,robot126
127,robot127
128,robot128
129,robot129
130,robot130
131,robot131
132,robot132
133,robot133
134,robot134
135,robot135
136,robot136
137,robot137
138,robot138
139,robot139
140,robot140
141,robot141
142,robot142
143,robot143
144,robot144
145,robot145
146,robot146
147,robot147
148,robot148
149,robot149
150,robot150
151,robot151
152,robot152
153,robot153
154,robot154
155,robot155
156,robot156
157,robot157
158,robot158
159,robot159
160,robot160
161,robot161
162,robot162
163,robot163
164,robot164
165,robot165
166,robot166
167,robot167
168,robot168
169,robot169
170,robot170
171,robot171
172,robot172
173,robot173
174,robot174
175,robot175
176,robot176
177,robot177
178,robot178
179,robot179
180,robot180
181,robot181
182,robot182
183,robot183
184,robot184
185,robot185
186,robot186
187,robot187
188,robot188
189,robot189
190,robot190
191,robot191
192,robot192
193,robot193
194,robot194
195,robot195
196,robot196
197,robot197
198,robot198
199,robot199
200,robot200
201,robot201
202,robot202
203,robot203
204,robot204
205,robot205
206,robot206
207,robot207
208,robot208
209,robot209
210,robot210
211,robot211
212,robot212
213,robot213
214,robot214
215,robot215
216,robot216
217,robot217
218,robot218
219,robot219
220,robot220
221,robot221
222,robot222
223,robot223
224,robot224
225,robot225
226,robot226
227,robot227
228,robot228
229,robot229
230,robot230
231,robot231
232,robot232
233,robot233
234,robot234
235,robot235
236,robot236
237,robot237
238,robot238
239,robot239
240,robot240
241,robot241
242,robot242
243,robot243
244,robot244
245,robot245
246,robot246
247,robot247
248,robot248
249,robot249
250,robot250
251,robot251
252,robot252
253,robot253
254,robot254
255,robot255
256,robot256
257,robot257
258,robot258
259,robot259
260,robot260
261,robot261
262,robot262
263,robot263
264,robot264
265,robot265
266,robot266
267,robot267
268,robot268
269,robot269
270,robot270
271,robot271
272,robot272
273,robot273
274,robot274
275,robot275
276,robot276
277,robot277
278,robot278
279,robot279
280,robot280
281,robot281
282,robot282
283,robot283
284,robot284
285,robot285
286,robot286
287,robot287
288,robot288
289,robot289
290,robot290
291,robot291
292,robot292
293,robot293
294,robot294
295,robot295
296,robot296
297,robot297
298,robot298
299,robot299
300,robot300
301,robot301
302,robot302
303,robot303
304,robot304
305,robot305
306,robot306
307,robot307
308,robot308
309,robot309
310,robot310
311,robot311
312,robot312
313,robot313
314,robot314
315,robot315
316,robot316
317,robot317
318,robot318
319,robot319
320,robot320
321,robot321
322,robot322
323,robot323
324,robot324
325,robot325
326,robot326
327,robot327
328,robot328
329,robot329
330,robot330
331,robot331
332,robot332
333,robot333
334,robot334
335,robot335
336,robot336
337,robot337
338,robot338
339,robot339
340,robot340
341,robot341
342,robot342
343,robot343
344,robot344
345,robot345
346,robot346
347,robot347
348,robot348
349,robot349
350,robot350
351,robot351
352,robot352
353,robot353
354,robot354
355,robot355
356,robot356
357,robot357
358,robot358
359,robot359
360,robot360
361,robot361
362,robot362
363,robot363
364,robot364
365,robot365
366,robot366
367,robot367
368,robot368
369,robot369
370,robot370
371,robot371
372,robot372
373,robot373
374,robot374
375,robot375
376,robot376
377,robot377
378,robot378
379,robot379
380,robot380
381,robot381
382,robot382
383,robot383
384,robot384
385,robot385
386,robot386
387,robot387
388,robot388
389,robot389
390,robot390
391,robot391
392,robot392
393,robot393
394,robot394
395,robot395
396,robot396
397,robot397
398,robot398
399,robot399
400,robot400
401,robot401
402,robot402
403,robot403
404,robot404
405,robot405
406,robot406
407,robot407
408,robot408
409,robot409
410,robot410
411,robot411
412,robot412
413,robot413
414,robot414
415,robot415
416,robot416
417,robot417
418,robot418
419,robot419
420,robot420
421,robot421
422,robot422
423,robot423
424,robot424
425,robot425
426,robot426
427,robot427
428,robot428
429,robot429
430,robot430
431,robot431
432,robot432
433,robot433
434,robot434
435,robot435
436,robot436
437,robot437
438,robot438
439,robot439
440,robot440
441,robot441
442,robot442
443,robot443
444,robot444
445,robot445
446,robot446
447,robot447
448,robot448
449,robot449
450,robot450
451,robot451
452,robot452
453,robot453
454,robot454
455,robot455
456,robot456
457,robot457
458,robot458
459,robot459
460,robot460
461,robot461
462,robot462
463,robot463
464,robot464
465,robot465
466,robot466
467,robot467
468,robot468
469,robot469
470,robot470
471,robot471
472,robot472
473,robot473
474,robot474
475,robot475
476,robot476
477,robot477
478,robot478
479,robot479
480,robot480
481,robot481
482,robot482
483,robot483
484,robot484
485,robot485
486,robot486
487,robot487
488,robot488
489,robot489
490,robot490
491,robot491
492,robot492
493,robot493
494,robot494
495,robot495
496,robot496
497,robot497
498,robot498
499,robot499
500,robot500
501,robot501
502,robot502
503,robot503
504,robot504
505,robot505
506,robot506
507,robot507
508,robot508
509,robot509
510,robot510
511,robot511
512,robot512
513,robot513
514,robot514
515,robot515
516,robot516
517,robot517
518,robot518
519,robot519
520,robot520
521,robot521
522,robot522
523,robot523
524,robot524
525,robot525
526,robot526
527,robot527
528,robot528
529,robot529
530,robot530
531,robot531
532,robot532
533,robot533
534,robot534
535,robot535
536,robot536
537,robot537
538,robot538
539,robot539
540,robot540
541,robot541
542,robot542
543,robot543
544,robot544
545,robot545
546,robot546
547,robot547
548,robot548
549,robot549
550,robot550
551,robot551
552,robot552
553,robot553
554,robot554
555,robot555
556,robot556
557,robot557
558,robot558
559,robot559
560,robot560
561,robot561
562,robot562
563,robot563
564,robot564
565,robot565
566,robot566
567,robot567
568,robot568
569,robot569
570,robot570
571,robot571
572,robot572
573,robot573
574,robot574
575,robot575
576,robot576
577,robot577
578,robot578
579,robot579
580,robot580
581,robot581
582,robot582
583,robot583
584,robot584
585,robot585
586,robot586
587,robot587
588,robot588
589,robot589
590,robot590
591,robot591
592,robot592
593,robot593
594,robot594
595,robot595
596,robot596
597,robot597
598,robot598
599,robot599
600,robot600
601,robot601
602,robot602
603,robot603
604,robot604
605,robot605
606,robot606
607,robot607
608,robot608
609,robot609
610,robot610
611,robot611
612,robot612
613,robot613
614,robot614
615,robot615
616,robot616
617,robot617
618,robot618
619,robot619
620,robot620
621,robot621
622,robot622
623,robot623
624,robot624
625,robot625
626,robot626
627,robot627
628,robot628
629,robot629
630,robot630
631,robot631
632,robot632
633,robot633
634,robot634
635,robot635
636,robot636
637,robot637
638,robot638
639,robot639
640,robot640
641,robot641
642,robot642
643,robot643
644,robot644
645,robot645
646,robot646
647,robot647
648,robot648
649,robot649
650,robot650
651,robot651
652,robot652
653,robot653
654,robot654
655,robot655
656,robot656
657,robot657
658,robot658
659,robot659
660,robot660
661,robot661
662,robot662
663,robot663
664,robot664
665,robot665
666,robot666
667,robot667
668,robot668
669,robot669
670,robot670
671,robot671
672,robot672
673,robot673
674,robot674
675,robot675
676,robot676
677,robot677
678,robot678
679,robot679
680,robot680
681,robot681
682,robot682
683,robot683
684,robot684
685,robot685
686,robot686
687,robot687
688,robot688
689,robot689
690,robot690
691,robot691
692,robot692
693,robot693
694,robot694
695,robot695
696,robot696
697,robot697
698,robot698
699,robot699
700,robot700
701,robot701
702,robot702
703,robot703
704,robot704
705,robot705
706,robot706
707,robot707
708,robot708
709,robot709
710,robot710
711,robot711
712,robot712
713,robot713
714,robot714
715,robot715
716,robot716
717,robot717
718,robot718
719,robot719
720,robot720
721,robot721
722,robot722
723,robot723
724,robot724
725,robot725
726,robot726
727,robot727
728,robot728
729,robot729
730,robot730
731,robot731
732,robot732
733,robot733
734,robot734
735,robot735
736,robot736
737,robot737
738,robot738
739,robot739
740,robot740
741,robot741
742,robot742
743,robot743
744,robot744
745,robot745
746,robot746
747,robot747
748,robot748
749,robot749
750,robot750
751,robot751
752,robot752
753,robot753
754,robot754
755,robot755
756,robot756
757,robot757
758,robot758
759,robot759
760,robot760
761,robot761
762,robot762
763,robot763
764,robot764
765,robot765
766,robot766
767,robot767
768,robot768
769,robot769
770,robot770
771,robot771
772,robot772
773,robot773
774,robot774
775,robot775
776,robot776
777,robot777
778,robot778
779,robot779
780,robot780
781,robot781
782,robot782
783,robot783
784,robot784
785,robot785
786,robot786
787,robot787
788,robot788
789,robot789
790,robot790
791,robot791
792,robot792
793,robot793
794,robot794
795,robot795
796,robot796
797,robot797
798,robot798
799,robot799
800,robot800
801,robot801
802,robot802
803,robot803
804,robot804
805,robot805
806,robot806
807,robot807
808,robot808
809,robot809
810,robot810
811,robot811
812,robot812
813,robot813
814,robot814
815,robot815
816,robot816
817,robot817
818,robot818
819,robot819
820,robot820
821,robot821
822,robot822
823,robot823
824,robot824
825,robot825
826,robot826
827,robot827
828,robot828
829,robot829
830,robot830
831,robot831
832,robot832
833,robot833
834,robot834
835,robot835
836,robot836
837,robot837
838,robot838
839,robot839
840,robot840
841,robot841
842,robot842
843,robot843
844,robot844
845,robot845
846,robot846
847,robot847
848,robot848
849,robot849
850,robot850
851,robot851
852,robot852
853,robot853
854,robot854
855,robot855
856,robot856
857,robot857
858,robot858
859,robot859
860,robot860
861,robot861
862,robot862
863,robot863
864,robot864
865,robot865
866,robot866
867,robot867
868,robot868
869,robot869
870,robot870
871,robot871
872,robot872
873,robot873
874,robot874
875,robot875
876,robot876
877,robot877
878,robot878
879,robot879
880,robot880
881,robot881
882,robot882
883,robot883
884,robot884
885,robot885
886,robot886
887,robot887
888,robot888
889,robot889
890,robot890
891,robot891
892,robot892
893,robot893
894,robot894
895,robot895
896,robot896
897,robot897
898,robot898
899,robot899
900,robot900
901,robot901
902,robot902
903,robot903
904,robot904
905,robot905
906,robot906
907,robot907
908,robot908
909,robot909
910,robot910
911,robot911
912,robot912
913,robot913
914,robot914
915,robot915
916,robot916
917,robot917
918,robot918
919,robot919
920,robot920
921,robot921
922,robot922
923,robot923
924,robot924
925,robot925
926,robot926
927,robot927
928,robot928
929,robot929
930,robot930
931,robot931
932,robot932
933,robot933
934,robot934
935,robot935
936,robot936
937,robot937
938,robot938
939,robot939
940,robot940
941,robot941
942,robot942
943,robot943
944,robot944
945,robot945
946,robot946
947,robot947
948,robot948
949,robot949
950,robot950
951,robot951
952,robot952
953,robot953
954,robot954
955,robot955
956,robot956
957,robot957
958,robot958
959,robot959
960,robot960
961,robot961
962,robot962
963,robot963
964,robot964
965,robot965
966,robot966
967,robot967
968,robot968
969,robot969
970,robot970
971,robot971
972,robot972
973,robot973
974,robot974
975,robot975
976,robot976
977,robot977
978,robot978
979,robot979
980,robot980
981,robot981
982,robot982
983,robot983
984,robot984
985,robot985
986,robot986
987,robot987
988,robot988
989,robot989
990,robot990
991,robot991
992,robot992
993,robot993
994,robot994
995,robot995
996,robot996
997,robot997
998,robot998
999,robot999
1000,robot1000
1001,robot1001
1002,robot1002
1003,robot1003
1004,robot1004
1005,robot1005
1006,robot1006
1007,robot1007
1008,robot1008
1009,robot1009
1010,robot1010
1011,robot1011
1012,robot1012
1013,robot1013
1014,robot1014
1015,robot1015
1016,robot1016
1017,robot1017
1018,robot1018
1019,robot1019
1020,robot1020
1021,robot1021
1022,robot1022
1023,robot1023
1024,robot1024
1025,robot1025
1026,robot1026
1027,robot1027
1028,robot1028
1029,robot1029
1030,robot1030
1031,robot1031
1032,robot1032
1033,robot1033
1034,robot1034
1035,robot1035
1036,robot1036
1037,robot1037
1038,robot1038
1039,robot1039
1040,robot1040
1041,robot1041
1042,robot1042
1043,robot1043
1044,robot1044
1045,robot1045
1046,robot1046
1047,robot1047
1048,robot1048
1049,robot1049
1050,robot1050
1051,robot1051
1052,robot1052
1053,robot1053
1054,robot1054
1055,robot1055
1056,robot1056
1057,robot1057
1058,robot1058
1059,robot1059
1060,robot1060
1061,robot1061
1062,robot1062
1063,robot1063
1064,robot1064
1065,robot1065
1066,robot1066
1067,robot1067
1068,robot1068
1069,robot1069
1070,robot1070
1071,robot1071
1072,robot1072
1073,robot1073
1074,robot1074
1075,robot1075
1076,robot1076
1077,robot1077
1078,robot1078
1079,robot1079
1080,robot1080
1081,robot1081
1082,robot1082
1083,robot1083
1084,robot1084
1085,robot1085
1086,robot1086
1087,robot1087
1088,robot1088
1089,robot1089
1090,robot1090
1091,robot1091
1092,robot1092
1093,robot1093
1094,robot1094
1095,robot1095
1096,robot1096
1097,robot1097
1098,robot1098
1099,robot1099
1100,robot1100
1101,robot1101
1102,robot1102
1103,robot1103
1104,robot1104
1105,robot1105
1106,robot1106
1107,robot1107
1108,robot1108
1109,robot1109
1110,robot1110
1111,robot1111
1112,robot1112
1113,robot1113
1114,robot1114
1115,robot1115
1116,robot1116
1117,robot1117
1118,robot1118
1119,robot1119
1120,robot1120
1121,robot1121
1122,robot1122
1123,robot1123
1124,robot1124
1125,robot1125
1126,robot1126
1127,robot1127
1128,robot1128
1129,robot1129
1130,robot1130
1131,robot1131
1132,robot1132
1133,robot1133
1134,robot1134
1135,robot1135
1136,robot1136
1137,robot1137
1138,robot1138
1139,robot1139
1140,robot1140
1141,robot1141
1142,robot1142
1143,robot1143
1144,robot1144
1145,robot1145
1146,robot1146
1147,robot1147
1148,robot1148
1149,robot1149
1150,robot1150
1151,robot1151
1152,robot1152
1153,robot1153
1154,robot1154
1155,robot1155
1156,robot1156
1157,robot1157
1158,robot1158
1159,robot1159
1160,robot1160
1161,robot1161
1162,robot1162
1163,robot1163
1164,robot1164
1165,robot1165
1166,robot1166
1167,robot1167
1168,robot1168
1169,robot1169
1170,robot1170
1171,robot1171
1172,robot1172
1173,robot1173
1174,robot1174
1175,robot1175
1176,robot1176
1177,robot1177
1178,robot1178
1179,robot1179
1180,robot1180
1181,robot1181
1182,robot1182
1183,robot1183
1184,robot1184
1185,robot1185
1186,robot1186
1187,robot1187
1188,robot1188
1189,robot1189
1190,robot1190
1191,robot1191
1192,robot1192
1193,robot1193
1194,robot1194
1195,robot1195
1196,robot1196
1197,robot1197
1198,robot1198
1199,robot1199
1200,robot1200
1201,robot1201
1202,robot1202
1203,robot1203
1204,robot1204
1205,robot1205
1206,robot1206
1207,robot1207
1208,robot1208
1209,robot1209
1210,robot1210
1211,robot1211
1212,robot1212
1213,robot1213
1214,robot1214
1215,robot1215
1216,robot1216
1217,robot1217
1218,robot1218
1219,robot1219
1220,robot1220
1221,robot1221
1222,robot1222
1223,robot1223
1224,robot1224
1225,robot1225
1226,robot1226
1227,robot1227
1228,robot1228
1229,robot1229
1230,robot1230
1231,robot1231
1232,robot1232
1233,robot1233
1234,robot1234
1235,robot1235
1236,robot1236
1237,robot1237
1238,robot1238
1239,robot1239
1240,robot1240
1241,robot1241
1242,robot1242
1243,robot1243
1244,robot1244
1245,robot1245
1246,robot1246
1247,robot1247
1248,robot1248
1249,robot1249
1250,robot1250
1251,robot1251
1252,robot1252
1253,robot1253
1254,robot1254
1255,robot1255
1256,robot1256
1257,robot1257
1258,robot1258
1259,robot1259
1260,robot1260
1261,robot1261
1262,robot1262
1263,robot1263
1264,robot1264
1265,robot1265
1266,robot1266
1267,robot1267
1268,robot1268
1269,robot1269
1270,robot1270
1271,robot1271
1272,robot1272
1273,robot1273
1274,robot1274
1275,robot1275
1276,robot1276
1277,robot1277
1278,robot1278
1279,robot1279
1280,robot1280
1281,robot1281
1282,robot1282
1283,robot1283
1284,robot1284
1285,robot1285
1286,robot1286
1287,robot1287
1288,robot1288
1289,robot1289
1290,robot1290
1291,robot1291
1292,robot1292
1293,robot1293
1294,robot1294
1295,robot1295
1296,robot1296
1297,robot1297
1298,robot1298
1299,robot1299
1300,robot1300
1301,robot1301
1302,robot1302
1303,robot1303
1304,robot1304
1305,robot1305
1306,robot1306
1307,robot1307
1308,robot1308
1309,robot1309
1310,robot1310
1311,robot1311
1312,robot1312
1313,robot1313
1314,robot1314
1315,robot1315
1316,robot1316
1317,robot1317
1318,robot1318
1319,robot1319
1320,robot1320
1321,robot1321
1322,robot1322
1323,robot1323
1324,robot1324
1325,robot1325
1326,robot1326
1327,robot1327
1328,robot1328
1329,robot1329
1330,robot1330
1331,robot1331
1332,robot1332
1333,robot1333
1334,robot1334
1335,robot1335
1336,robot1336
1337,robot1337
1338,robot1338
1339,robot1339
1340,robot1340
1341,robot1341
1342,robot1342
1343,robot1343
1344,robot1344
1345,robot1345
1346,robot1346
1347,robot1347
1348,robot1348
1349,robot1349
1350,robot1350
1351,robot1351
1352,robot1352
1353,robot1353
1354,robot1354
1355,robot1355
1356,robot1356
1357,robot1357
1358,robot1358
1359,robot1359
1360,robot1360
1361,robot1361
1362,robot1362
1363,robot1363
1364,robot1364
1365,robot1365
1366,robot1366
1367,robot1367
1368,robot1368
1369,robot1369
1370,robot1370
1371,robot1371
1372,robot1372
1373,robot1373
1374,robot1374
1375,robot1375
1376,robot1376
1377,robot1377
1378,robot1378
1379,robot1379
1380,robot1380
1381,robot1381
1382,robot1382
1383,robot1383
1384,robot1384
1385,robot1385
1386,robot1386
1387,robot1387
1388,robot1388
1389,robot1389
1390,robot1390
1391,robot1391
1392,robot1392
1393,robot1393
1394,robot1394
1395,robot1395
1396,robot1396
1397,robot1397
1398,robot1398
1399,robot1399
1400,robot1400
1401,robot1401
1402,robot1402
1403,robot1403
1404,robot1404
1405,robot1405
1406,robot1406
1407,robot1407
1408,robot1408
1409,robot1409
1410,robot1410
1411,robot1411
1412,robot1412
1413,robot1413
1414,robot1414
1415,robot1415
1416,robot1416
1417,robot1417
1418,robot1418
1419,robot1419
1420,robot1420
1421,robot1421
1422,robot1422
1423,robot1423
1424,robot1424
1425,robot1425
1426,robot1426
1427,robot1427
1428,robot1428
1429,robot1429
1430,robot1430
1431,robot1431
1432,robot1432
1433,robot1433
1434,robot1434
1435,robot1435
1436,robot1436
1437,robot1437
1438,robot1438
1439,robot1439
1440,robot1440
1441,robot1441
1442,robot1442
1443,robot1443
1444,robot1444
1445,robot1445
1446,robot1446
1447,robot1447
1448,robot1448
1449,robot1449
1450,robot1450
1451,robot1451
1452,robot1452
1453,robot1453
1454,robot1454
1455,robot1455
1456,robot1456
1457,robot1457
1458,robot1458
1459,robot1459
1460,robot1460
1461,robot1461
1462,robot1462
1463,robot1463
1464,robot1464
1465,robot1465
1466,robot1466
1467,robot1467
1468,robot1468
1469,robot1469
1470,robot1470
1471,robot1471
1472,robot1472
1473,robot1473
1474,robot1474
1475,robot1475
1476,robot1476
1477,robot1477
1478,robot1478
1479,robot1479
1480,robot1480
1481,robot1481
1482,robot1482
1483,robot1483
1484,robot1484
1485,robot1485
1486,robot1486
1487,robot1487
1488,robot1488
1489,robot1489
1490,robot1490
1491,robot1491
1492,robot1492
1493,robot1493
1494,robot1494
1495,robot1495
1496,robot1496
1497,robot1497
1498,robot1498
1499,robot1499
1500,robot1500
1501,robot1501
1502,robot1502
1503,robot1503
1504,robot1504
1505,robot1505
1506,robot1506
1507,robot1507
1508,robot1508
1509,robot1509
1510,robot1510
1511,robot1511
1512,robot1512
1513,robot1513
1514,robot1514
1515,robot1515
1516,robot1516
1517,robot1517
1518,robot1518
1519,robot1519
1520,robot1520
1521,robot1521
1522,robot1522
1523,robot1523
1524,robot1524
1525,robot1525
1526,robot1526
1527,robot1527
1528,robot1528
1529,robot1529
1530,robot1530
1531,robot1531
1532,robot1532
1533,robot1533
1534,robot1534
1535,robot1535
1536,robot1536
1537,robot1537
1538,robot1538
1539,robot1539
1540,robot1540
1541,robot1541
1542,robot1542
1543,robot1543
1544,robot1544
1545,robot1545
1546,robot1546
1547,robot1547
1548,robot1548
1549,robot1549
1550,robot1550
1551,robot1551
1552,robot1552
1553,robot1553
1554,robot1554
1555,robot1555
1556,robot1556
1557,robot1557
1558,robot1558
1559,robot1559
1560,robot1560
1561,robot1561
1562,robot1562
1563,robot1563
1564,robot1564
1565,robot1565
1566,robot1566
1567,robot1567
1568,robot1568
1569,robot1569
1570,robot1570
1571,robot1571
1572,robot1572
1573,robot1573
1574,robot1574
1575,robot1575
1576,robot1576
1577,robot1577
1578,robot1578
1579,robot1579
1580,robot1580
1581,robot1581
1582,robot1582
1583,robot1583
1584,robot1584
1585,robot1585
1586,robot1586
1587,robot1587
1588,robot1588
1589,robot1589
1590,robot1590
1591,robot1591
1592,robot1592
1593,robot1593
1594,robot1594
1595,robot1595
1596,robot1596
1597,robot1597
1598,robot1598
1599,robot1599
1600,robot1600
1601,robot1601
1602,robot1602
1603,robot1603
1604,robot1604
1605,robot1605
1606,robot1606
1607,robot1607
1608,robot1608
1609,robot1609
1610,robot1610
1611,robot1611
1612,robot1612
1613,robot1613
1614,robot1614
1615,robot1615
1616,robot1616
1617,robot1617
1618,robot1618
1619,robot1619
1620,robot1620
1621,robot1621
1622,robot1622
1623,robot1623
1624,robot1624
1625,robot1625
1626,robot1626
1627,robot1627
1628,robot1628
1629,robot1629
1630,robot1630
1631,robot1631
1632,robot1632
1633,robot1633
1634,robot1634
1635,robot1635
1636,robot1636
1637,robot1637
1638,robot1638
1639,robot1639
1640,robot1640
1641,robot1641
1642,robot1642
1643,robot1643
1644,robot1644
1645,robot1645
1646,robot1646
1647,robot1647
1648,robot1648
1649,robot1649
1650,robot1650
1651,robot1651
1652,robot1652
1653,robot1653
1654,robot1654
1655,robot1655
1656,robot1656
1657,robot1657
1658,robot1658
1659,robot1659
1660,robot1660
1661,robot1661
1662,robot1662
1663,robot1663
1664,robot1664
1665,robot1665
1666,robot1666
1667,robot1667
1668,robot1668
1669,robot1669
1670,robot1670
1671,robot1671
1672,robot1672
1673,robot1673
1674,robot1674
1675,robot1675
1676,robot1676
1677,robot1677
1678,robot1678
1679,robot1679
1680,robot1680
1681,robot1681
1682,robot1682
1683,robot1683
1684,robot1684
1685,robot1685
1686,robot1686
1687,robot1687
1688,robot1688
1689,robot1689
1690,robot1690
1691,robot1691
1692,robot1692
1693,robot1693
1694,robot1694
1695,robot1695
1696,robot1696
1697,robot1697
1698,robot1698
1699,robot1699
1700,robot1700
1701,robot1701
1702,robot1702
1703,robot1703
1704,robot1704
1705,robot1705
1706,robot1706
1707,robot1707
1708,robot1708
1709,robot1709
1710,robot1710
1711,robot1711
1712,robot1712
1713,robot1713
1714,robot1714
1715,robot1715
1716,robot1716
1717,robot1717
1718,robot1718
1719,robot1719
1720,robot1720
1721,robot1721
1722,robot1722
1723,robot1723
1724,robot1724
1725,robot1725
1726,robot1726
1727,robot1727
1728,robot1728
1729,robot1729
1730,robot1730
1731,robot1731
1732,robot1732
1733,robot1733
1734,robot1734
1735,robot1735
1736,robot1736
1737,robot1737
1738,robot1738
1739,robot1739
1740,robot1740
1741,robot1741
1742,robot1742
1743,robot1743
1744,robot1744
1745,robot1745
1746,robot1746
1747,robot1747
1748,robot1748
1749,robot1749
1750,robot1750
1751,robot1751
1752,robot1752
1753,robot1753
1754,robot1754
1755,robot1755
1756,robot1756
1757,robot1757
1758,robot1758
1759,robot1759
1760,robot1760
1761,robot1761
1762,robot1762
1763,robot1763
1764,robot1764
1765,robot1765
1766,robot1766
1767,robot1767
1768,robot1768
1769,robot1769
1770,robot1770
1771,robot1771
1772,robot1772
1773,robot1773
1774,robot1774
1775,robot1775
1776,robot1776
1777,robot1777
1778,robot1778
1779,robot1779
1780,robot1780
1781,robot1781
1782,robot1782
1783,robot1783
1784,robot1784
1785,robot1785
1786,robot1786
1787,robot1787
1788,robot1788
1789,robot1789
1790,robot1790
1791,robot1791
1792,robot1792
1793,robot1793
1794,robot1794
1795,robot1795
1796,robot1796
1797,robot1797
1798,robot1798
1799,robot1799
1800,robot1800
1801,robot1801
1802,robot1802
1803,robot1803
1804,robot1804
1805,robot1805
1806,robot1806
1807,robot1807
1808,robot1808
1809,robot1809
1810,robot1810
1811,robot1811
1812,robot1812
1813,robot1813
1814,robot1814
1815,robot1815
1816,robot1816
1817,robot1817
1818,robot1818
1819,robot1819
1820,robot1820
1821,robot1821
1822,robot1822
1823,robot1823
1824,robot1824
1825,robot1825
1826,robot1826
1827,robot1827
1828,robot1828
1829,robot1829
1830,robot1830
1831,robot1831
1832,robot1832
1833,robot1833
1834,robot1834
1835,robot1835
1836,robot1836
1837,robot1837
1838,robot1838
1839,robot1839
1840,robot1840
1841,robot1841
1842,robot1842
1843,robot1843
1844,robot1844
1845,robot1845
1846,robot1846
1847,robot1847
1848,robot1848
1849,robot1849
1850,robot1850
1851,robot1851
1852,robot1852
1853,robot1853
1854,robot1854
1855,robot1855
1856,robot1856
1857,robot1857
1858,robot1858
1859,robot1859
1860,robot1860
1861,robot1861
1862,robot1862
1863,robot1863
1864,robot1864
1865,robot1865
1866,robot1866
1867,robot1867
1868,robot1868
1869,robot1869
1870,robot1870
1871,robot1871
1872,robot1872
1873,robot1873
1874,robot1874
1875,robot1875
1876,robot1876
1877,robot1877
1878,robot1878
1879,robot1879
1880,robot1880
1881,robot1881
1882,robot1882
1883,robot1883
1884,robot1884
1885,robot1885
1886,robot1886
1887,robot1887
1888,robot1888
1889,robot1889
1890,robot1890
1891,robot1891
1892,robot1892
1893,robot1893
1894,robot1894
1895,robot1895
1896,robot1896
1897,robot1897
1898,robot1898
1899,robot1899
1900,robot1900
1901,robot1901
1902,robot1902
1903,robot1903
1904,robot1904
1905,robot1905
1906,robot1906
1907,robot1907
1908,robot1908
1909,robot1909
1910,robot1910
1911,robot1911
1912,robot1912
1913,robot1913
1914,robot1914
1915,robot1915
1916,robot1916
1917,robot1917
1918,robot1918
1919,robot1919
1920,robot1920
1921,robot1921
1922,robot1922
1923,robot1923
1924,robot1924
1925,robot1925
1926,robot1926
1927,robot1927
1928,robot1928
1929,robot1929
1930,robot1930
1931,robot1931
1932,robot1932
1933,robot1933
1934,robot1934
1935,robot1935
1936,robot1936
1937,robot1937
1938,robot1938
1939,robot1939
1940,robot1940
1941,robot1941
1942,robot1942
1943,robot1943
1944,robot1944
1945,robot1945
1946,robot1946
1947,robot1947
1948,robot1948
1949,robot1949
1950,robot1950
1951,robot1951
1952,robot1952
1953,robot1953
1954,robot1954
1955,robot1955
1956,robot1956
1957,robot1957
1958,robot1958
1959,robot1959
1960,robot1960
1961,robot1961
1962,robot1962
1963,robot1963
1964,robot1964
1965,robot1965
1966,robot1966
1967,robot1967
1968,robot1968
1969,robot1969
1970,robot1970
1971,robot1971
1972,robot1972
1973,robot1973
1974,robot1974
1975,robot1975
1976,robot1976
1977,robot1977
1978,robot1978
1979,robot1979
1980,robot1980
1981,robot1981
1982,robot1982
1983,robot1983
1984,robot1984
1985,robot1985
1986,robot1986
1987,robot1987
1988,robot1988
1989,robot1989
1990,robot1990
1991,robot1991
1992,robot1992
1993,robot1993
1994,robot1994
1995,robot1995
1996,robot1996
1997,robot1997
1998,robot1998
1999,robot1999
2000,robot2000
2001,robot2001
2002,robot2002
2003,robot2003
2004,robot2004
2005,robot2005
2006,robot2006
2007,robot2007
2008,robot2008
2009,robot2009
2010,robot2010
2011,robot2011
2012,robot2012
2013,robot2013
2014,robot2014
2015,robot2015
2016,robot2016
2017,robot2017
2018,robot2018
2019,robot2019
2020,robot2020
2021,robot2021
2022,robot2022
2023,robot2023
2024,robot2024
2025,robot2025
2026,robot2026
2027,robot2027
2028,robot2028
2029,robot2029
2030,robot2030
2031,robot2031
2032,robot2032
2033,robot2033
2034,robot2034
2035,robot2035
2036,robot2036
2037,robot2037
2038,robot2038
2039,robot2039
2040,robot2040
2041,robot2041
2042,robot2042
2043,robot2043
2044,robot2044
2045,robot2045
2046,robot2046
2047,robot2047
2048,robot2048
2049,robot2049
2050,robot2050
2051,robot2051
2052,robot2052
2053,robot2053
2054,robot2054
2055,robot2055
2056,robot2056
2057,robot2057
2058,robot2058
2059,robot2059
2060,robot2060
2061,robot2061
2062,robot2062
2063,robot2063
2064,robot2064
2065,robot2065
2066,robot2066
2067,robot2067
2068,robot2068
2069,robot2069
2070,robot2070
2071,robot2071
2072,robot2072
2073,robot2073
2074,robot2074
2075,robot2075
2076,robot2076
2077,robot2077
2078,robot2078
2079,robot2079
2080,robot2080
2081,robot2081
2082,robot2082
2083,robot2083
2084,robot2084
2085,robot2085
2086,robot2086
2087,robot2087
2088,robot2088
2089,robot2089
2090,robot2090
2091,robot2091
2092,robot2092
2093,robot2093
2094,robot2094
2095,robot2095
2096,robot2096
2097,robot2097
2098,robot2098
2099,robot2099
2100,robot2100
2101,robot2101
2102,robot2102
2103,robot2103
2104,robot2104
2105,robot2105
2106,robot2106
2107,robot2107
2108,robot2108
2109,robot2109
2110,robot2110
2111,robot2111
2112,robot2112
2113,robot2113
2114,robot2114
2115,robot2115
2116,robot2116
2117,robot2117
2118,robot2118
2119,robot2119
2120,robot2120
2121,robot2121
2122,robot2122
2123,robot2123
2124,robot2124
2125,robot2125
2126,robot2126
2127,robot2127
2128,robot2128
2129,robot2129
2130,robot2130
2131,robot2131
2132,robot2132
2133,robot2133
2134,robot2134
2135,robot2135
2136,robot2136
2137,robot2137
2138,robot2138
2139,robot2139
2140,robot2140
2141,robot2141
2142,robot2142
2143,robot2143
2144,robot2144
2145,robot2145
2146,robot2146
2147,robot2147
2148,robot2148
2149,robot2149
2150,robot2150
2151,robot2151
2152,robot2152
2153,robot2153
2154,robot2154
2155,robot2155
2156,robot2156
2157,robot2157
2158,robot2158
2159,robot2159
2160,robot2160
2161,robot2161
2162,robot2162
2163,robot2163
2164,robot2164
2165,robot2165
2166,robot2166
2167,robot2167
2168,robot2168
2169,robot2169
2170,robot2170
2171,robot2171
2172,robot2172
2173,robot2173
2174,robot2174
2175,robot2175
2176,robot2176
2177,robot2177
2178,robot2178
2179,robot2179
2180,robot2180
2181,robot2181
2182,robot2182
2183,robot2183
2184,robot2184
2185,robot2185
2186,robot2186
2187,robot2187
2188,robot2188
2189,robot2189
2190,robot2190
2191,robot2191
2192,robot2192
2193,robot2193
2194,robot2194
2195,robot2195
2196,robot2196
2197,robot2197
2198,robot2198
2199,robot2199
2200,robot2200
2201,robot2201
2202,robot2202
2203,robot2203
2204,robot2204
2205,robot2205
2206,robot2206
2207,robot2207
2208,robot2208
2209,robot2209
2210,robot2210
2211,robot2211
2212,robot2212
2213,robot2213
2214,robot2214
2215,robot2215
2216,robot2216
2217,robot2217
2218,robot2218
2219,robot2219
2220,robot2220
2221,robot2221
2222,robot2222
2223,robot2223
2224,robot2224
2225,robot2225
2226,robot2226
2227,robot2227
2228,robot2228
2229,robot2229
2230,robot2230
2231,robot2231
2232,robot2232
2233,robot2233
2234,robot2234
2235,robot2235
2236,robot2236
2237,robot2237
2238,robot2238
2239,robot2239
2240,robot2240
2241,robot2241
2242,robot2242
2243,robot2243
2244,robot2244
2245,robot2245
2246,robot2246
2247,robot2247
2248,robot2248
2249,robot2249
2250,robot2250
2251,robot2251
2252,robot2252
2253,robot2253
2254,robot2254
2255,robot2255
2256,robot2256
2257,robot2257
2258,robot2258
2259,robot2259
2260,robot2260
2261,robot2261
2262,robot2262
2263,robot2263
2264,robot2264
2265,robot2265
2266,robot2266
2267,robot2267
2268,robot2268
2269,robot2269
2270,robot2270
2271,robot2271
2272,robot2272
2273,robot2273
2274,robot2274
2275,robot2275
2276,robot2276
2277,robot2277
2278,robot2278
2279,robot2279
2280,robot2280
2281,robot2281
2282,robot2282
2283,robot2283
2284,robot2284
2285,robot2285
2286,robot2286
2287,robot2287
2288,robot2288
2289,robot2289
2290,robot2290
2291,robot2291
2292,robot2292
2293,robot2293
2294,robot2294
2295,robot2295
2296,robot2296
2297,robot2297
2298,robot2298
2299,robot2299
2300,robot2300
2301,robot2301
2302,robot2302
2303,robot2303
2304,robot2304
2305,robot2305
2306,robot2306
2307,robot2307
2308,robot2308
2309,robot2309
2310,robot2310
2311,robot2311
2312,robot2312
2313,robot2313
2314,robot2314
2315,robot2315
2316,robot2316
2317,robot2317
2318,robot2318
2319,robot2319
2320,robot2320
2321,robot2321
2322,robot2322
2323,robot2323
2324,robot2324
2325,robot2325
2326,robot2326
2327,robot2327
2328,robot2328
2329,robot2329
2330,robot2330
2331,robot2331
2332,robot2332
2333,robot2333
2334,robot2334
2335,robot2335
2336,robot2336
2337,robot2337
2338,robot2338
2339,robot2339
2340,robot2340
2341,robot2341
2342,robot2342
2343,robot2343
2344,robot2344
2345,robot2345
2346,robot2346
2347,robot2347
2348,robot2348
2349,robot2349
2350,robot2350
2351,robot2351
2352,robot2352
2353,robot2353
2354,robot2354
2355,robot2355
2356,robot2356
2357,robot2357
2358,robot2358
2359,robot2359
2360,robot2360
2361,robot2361
2362,robot2362
2363,robot2363
2364,robot2364
2365,robot2365
2366,robot2366
2367,robot2367
2368,robot2368
2369,robot2369
2370,robot2370
2371,robot2371
2372,robot2372
2373,robot2373
2374,robot2374
2375,robot2375
2376,robot2376
2377,robot2377
2378,robot2378
2379,robot2379
2380,robot2380
2381,robot2381
2382,robot2382
2383,robot2383
2384,robot2384
2385,robot2385
2386,robot2386
2387,robot2387
2388,robot2388
2389,robot2389
2390,robot2390
2391,robot2391
2392,robot2392
2393,robot2393
2394,robot2394
2395,robot2395
2396,robot2396
2397,robot2397
2398,robot2398
2399,robot2399
2400,robot2400
2401,robot2401
2402,robot2402
2403,robot2403
2404,robot2404
2405,robot2405
2406,robot2406
2407,robot2407
2408,robot2408
2409,robot2409
2410,robot2410
2411,robot2411
2412,robot2412
2413,robot2413
2414,robot2414
2415,robot2415
2416,robot2416
2417,robot2417
2418,robot2418
2419,robot2419
2420,robot2420
2421,robot2421
2422,robot2422
2423,robot2423
2424,robot2424
2425,robot2425
2426,robot2426
2427,robot2427
2428,robot2428
2429,robot2429
2430,robot2430
2431,robot2431
2432,robot2432
2433,robot2433
2434,robot2434
2435,robot2435
2436,robot2436
2437,robot2437
2438,robot2438
2439,robot2439
2440,robot2440
2441,robot2441
2442,robot2442
2443,robot2443
2444,robot2444
2445,robot2445
2446,robot2446
2447,robot2447
2448,robot2448
2449,robot2449
2450,robot2450
2451,robot2451
2452,robot2452
2453,robot2453
2454,robot2454
2455,robot2455
2456,robot2456
2457,robot2457
2458,robot2458
2459,robot2459
2460,robot2460
2461,robot2461
2462,robot2462
2463,robot2463
2464,robot2464
2465,robot2465
2466,robot2466
2467,robot2467
2468,robot2468
2469,robot2469
2470,robot2470
2471,robot2471
2472,robot2472
2473,robot2473
2474,robot2474
2475,robot2475
2476,robot2476
2477,robot2477
2478,robot2478
2479,robot2479
2480,robot2480
2481,robot2481
2482,robot2482
2483,robot2483
2484,robot2484
2485,robot2485
2486,robot2486
2487,robot2487
2488,robot2488
2489,robot2489
2490,robot2490
2491,robot2491
2492,robot2492
2493,robot2493
2494,robot2494
2495,robot2495
2496,robot2496
2497,robot2497
2498,robot2498
2499,robot2499
2500,robot2500
2501,robot2501
2502,robot2502
2503,robot2503
2504,robot2504
2505,robot2505
2506,robot2506
2507,robot2507
2508,robot2508
2509,robot2509
2510,robot2510
2511,robot2511
2512,robot2512
2513,robot2513
2514,robot2514
2515,robot2515
2516,robot2516
2517,robot2517
2518,robot2518
2519,robot2519
2520,robot2520
2521,robot2521
2522,robot2522
2523,robot2523
2524,robot2524
2525,robot2525
2526,robot2526
2527,robot2527
2528,robot2528
2529,robot2529
2530,robot2530
2531,robot2531
2532,robot2532
2533,robot2533
2534,robot2534
2535,robot2535
2536,robot2536
2537,robot2537
2538,robot2538
2539,robot2539
2540,robot2540
2541,robot2541
2542,robot2542
2543,robot2543
2544,robot2544
2545,robot2545
2546,robot2546
2547,robot2547
2548,robot2548
2549,robot2549
2550,robot2550
2551,robot2551
2552,robot2552
2553,robot2553
2554,robot2554
2555,robot2555
2556,robot2556
2557,robot2557
2558,robot2558
2559,robot2559
2560,robot2560
2561,robot2561
2562,robot2562
2563,robot2563
2564,robot2564
2565,robot2565
2566,robot2566
2567,robot2567
2568,robot2568
2569,robot2569
2570,robot2570
2571,robot2571
2572,robot2572
2573,robot2573
2574,robot2574
2575,robot2575
2576,robot2576
2577,robot2577
2578,robot2578
2579,robot2579
2580,robot2580
2581,robot2581
2582,robot2582
2583,robot2583
2584,robot2584
2585,robot2585
2586,robot2586
2587,robot2587
2588,robot2588
2589,robot2589
2590,robot2590
2591,robot2591
2592,robot2592
2593,robot2593
2594,robot2594
2595,robot2595
2596,robot2596
2597,robot2597
2598,robot2598
2599,robot2599
2600,robot2600
2601,robot2601
2602,robot2602
2603,robot2603
2604,robot2604
2605,robot2605
2606,robot2606
2607,robot2607
2608,robot2608
2609,robot2609
2610,robot2610
2611,robot2611
2612,robot2612
2613,robot2613
2614,robot2614
2615,robot2615
2616,robot2616
2617,robot2617
2618,robot2618
2619,robot2619
2620,robot2620
2621,robot2621
2622,robot2622
2623,robot2623
2624,robot2624
2625,robot2625
2626,robot2626
2627,robot2627
2628,robot2628
2629,robot2629
2630,robot2630
2631,robot2631
2632,robot2632
2633,robot2633
2634,robot2634
2635,robot2635
2636,robot2636
2637,robot2637
2638,robot2638
2639,robot2639
2640,robot2640
2641,robot2641
2642,robot2642
2643,robot2643
2644,robot2644
2645,robot2645
2646,robot2646
2647,robot2647
2648,robot2648
2649,robot2649
2650,robot2650
2651,robot2651
2652,robot2652
2653,robot2653
2654,robot2654
2655,robot2655
2656,robot2656
2657,robot2657
2658,robot2658
2659,robot2659
2660,robot2660
2661,robot2661
2662,robot2662
2663,robot2663
2664,robot2664
2665,robot2665
2666,robot2666
2667,robot2667
2668,robot2668
2669,robot2669
2670,robot2670
2671,robot2671
2672,robot2672
2673,robot2673
2674,robot2674
2675,robot2675
2676,robot2676
2677,robot2677
2678,robot2678
2679,robot2679
2680,robot2680
2681,robot2681
2682,robot2682
2683,robot2683
2684,robot2684
2685,robot2685
2686,robot2686
2687,robot2687
2688,robot2688
2689,robot2689
2690,robot2690
2691,robot2691
2692,robot2692
2693,robot2693
2694,robot2694
2695,robot2695
2696,robot2696
2697,robot2697
2698,robot2698
2699,robot2699
2700,robot2700
2701,robot2701
2702,robot2702
2703,robot2703
2704,robot2704
2705,robot2705
2706,robot2706
2707,robot2707
2708,robot2708
2709,robot2709
2710,robot2710
2711,robot2711
2712,robot2712
2713,robot2713
2714,robot2714
2715,robot2715
2716,robot2716
2717,robot2717
2718,robot2718
2719,robot2719
2720,robot2720
2721,robot2721
2722,robot2722
2723,robot2723
2724,robot2724
2725,robot2725
2726,robot2726
2727,robot2727
2728,robot2728
2729,robot2729
2730,robot2730
2731,robot2731
2732,robot2732
2733,robot2733
2734,robot2734
2735,robot2735
2736,robot2736
2737,robot2737
2738,robot2738
2739,robot2739
2740,robot2740
2741,robot2741
2742,robot2742
2743,robot2743
2744,robot2744
2745,robot2745
2746,robot2746
2747,robot2747
2748,robot2748
2749,robot2749
2750,robot2750
2751,robot2751
2752,robot2752
2753,robot2753
2754,robot2754
2755,robot2755
2756,robot2756
2757,robot2757
2758,robot2758
2759,robot2759
2760,robot2760
2761,robot2761
2762,robot2762
2763,robot2763
2764,robot2764
2765,robot2765
2766,robot2766
2767,robot2767
2768,robot2768
2769,robot2769
2770,robot2770
2771,robot2771
2772,robot2772
2773,robot2773
2774,robot2774
2775,robot2775
2776,robot2776
2777,robot2777
2778,robot2778
2779,robot2779
2780,robot2780
2781,robot2781
2782,robot2782
2783,robot2783
2784,robot2784
2785,robot2785
2786,robot2786
2787,robot2787
2788,robot2788
2789,robot2789
2790,robot2790
2791,robot2791
2792,robot2792
2793,robot2793
2794,robot2794
2795,robot2795
2796,robot2796
2797,robot2797
2798,robot2798
2799,robot2799
2800,robot2800
2801,robot2801
2802,robot2802
2803,robot2803
2804,robot2804
2805,robot2805
2806,robot2806
2807,robot2807
2808,robot2808
2809,robot2809
2810,robot2810
2811,robot2811
2812,robot2812
2813,robot2813
2814,robot2814
2815,robot2815
2816,robot2816
2817,robot2817
2818,robot2818
2819,robot2819
2820,robot2820
2821,robot2821
2822,robot2822
2823,robot2823
2824,robot2824
2825,robot2825
2826,robot2826
2827,robot2827
2828,robot2828
2829,robot2829
2830,robot2830
2831,robot2831
2832,robot2832
2833,robot2833
2834,robot2834
2835,robot2835
2836,robot2836
2837,robot2837
2838,robot2838
2839,robot2839
2840,robot2840
2841,robot2841
2842,robot2842
2843,robot2843
2844,robot2844
2845,robot2845
2846,robot2846
2847,robot2847
2848,robot2848
2849,robot2849
2850,robot2850
2851,robot2851
2852,robot2852
2853,robot2853
2854,robot2854
2855,robot2855
2856,robot2856
2857,robot2857
2858,robot2858
2859,robot2859
2860,robot2860
2861,robot2861
2862,robot2862
2863,robot2863
2864,robot2864
2865,robot2865
2866,robot2866
2867,robot2867
2868,robot2868
2869,robot2869
2870,robot2870
2871,robot2871
2872,robot2872
2873,robot2873
2874,robot2874
2875,robot2875
2876,robot2876
2877,robot2877
2878,robot2878
2879,robot2879
2880,robot2880
2881,robot2881
2882,robot2882
2883,robot2883
2884,robot2884
2885,robot2885
2886,robot2886
2887,robot2887
2888,robot2888
2889,robot2889
2890,robot2890
2891,robot2891
2892,robot2892
2893,robot2893
2894,robot2894
2895,robot2895
2896,robot2896
2897,robot2897
2898,robot2898
2899,robot2899
2900,robot2900
2901,robot2901
2902,robot2902
2903,robot2903
2904,robot2904
2905,robot2905
2906,robot2906
2907,robot2907
2908,robot2908
2909,robot2909
2910,robot2910
2911,robot2911
2912,robot2912
2913,robot2913
2914,robot2914
2915,robot2915
2916,robot2916
2917,robot2917
2918,robot2918
2919,robot2919
2920,robot2920
2921,robot2921
2922,robot2922
2923,robot2923
2924,robot2924
2925,robot2925
2926,robot2926
2927,robot2927
2928,robot2928
2929,robot2929
2930,robot2930
2931,robot2931
2932,robot2932
2933,robot2933
2934,robot2934
2935,robot2935
2936,robot2936
2937,robot2937
2938,robot2938
2939,robot2939
2940,robot2940
2941,robot2941
2942,robot2942
2943,robot2943
2944,robot2944
2945,robot2945
2946,robot2946
2947,robot2947
2948,robot2948
2949,robot2949
2950,robot2950
2951,robot2951
2952,robot2952
2953,robot2953
2954,robot2954
2955,robot2955
2956,robot2956
2957,robot2957
2958,robot2958
2959,robot2959
2960,robot2960
2961,robot2961
2962,robot2962
2963,robot2963
2964,robot2964
2965,robot2965
2966,robot2966
2967,robot2967
2968,robot2968
2969,robot2969
2970,robot2970
2971,robot2971
2972,robot2972
2973,robot2973
2974,robot2974
2975,robot2975
2976,robot2976
2977,robot2977
2978,robot2978
2979,robot2979
2980,robot2980
2981,robot2981
2982,robot2982
2983,robot2983
2984,robot2984
2985,robot2985
2986,robot2986
2987,robot2987
2988,robot2988
2989,robot2989
2990,robot2990
2991,robot2991
2992,robot2992
2993,robot2993
2994,robot2994
2995,robot2995
2996,robot2996
2997,robot2997
2998,robot2998
2999,robot2999
3000,robot3000
3001,robot3001
3002,robot3002
3003,robot3003
3004,robot3004
3005,robot3005
3006,robot3006
3007,robot3007
3008,robot3008
3009,robot3009
3010,robot3010
3011,robot3011
3012,robot3012
3013,robot3013
3014,robot3014
3015,robot3015
3016,robot3016
3017,robot3017
3018,robot3018
3019,robot3019
3020,robot3020
3021,robot3021
3022,robot3022
3023,robot3023
3024,robot3024
3025,robot3025
3026,robot3026
3027,robot3027
3028,robot3028
3029,robot3029
3030,robot3030
3031,robot3031
3032,robot3032
3033,robot3033
3034,robot3034
3035,robot3035
3036,robot3036
3037,robot3037
3038,robot3038
3039,robot3039
3040,robot3040
3041,robot3041
3042,robot3042
3043,robot3043
3044,robot3044
3045,robot3045
3046,robot3046
3047,robot3047
3048,robot3048
3049,robot3049
3050,robot3050
3051,robot3051
3052,robot3052
3053,robot3053
3054,robot3054
3055,robot3055
3056,robot3056
3057,robot3057
3058,robot3058
3059,robot3059
3060,robot3060
3061,robot3061
3062,robot3062
3063,robot3063
3064,robot3064
3065,robot3065
3066,robot3066
3067,robot3067
3068,robot3068
3069,robot3069
3070,robot3070
3071,robot3071
3072,robot3072
3073,robot3073
3074,robot3074
3075,robot3075
3076,robot3076
3077,robot3077
3078,robot3078
3079,robot3079
3080,robot3080
3081,robot3081
3082,robot3082
3083,robot3083
3084,robot3084
3085,robot3085
3086,robot3086
3087,robot3087
3088,robot3088
3089,robot3089
3090,robot3090
3091,robot3091
3092,robot3092
3093,robot3093
3094,robot3094
3095,robot3095
3096,robot3096
3097,robot3097
3098,robot3098
3099,robot3099
3100,robot3100
3101,robot3101
3102,robot3102
3103,robot3103
3104,robot3104
3105,robot3105
3106,robot3106
3107,robot3107
3108,robot3108
3109,robot3109
3110,robot3110
3111,robot3111
3112,robot3112
3113,robot3113
3114,robot3114
3115,robot3115
3116,robot3116
3117,robot3117
3118,robot3118
3119,robot3119
3120,robot3120
3121,robot3121
3122,robot3122
3123,robot3123
3124,robot3124
3125,robot3125
3126,robot3126
3127,robot3127
3128,robot3128
3129,robot3129
3130,robot3130
3131,robot3131
3132,robot3132
3133,robot3133
3134,robot3134
3135,robot3135
3136,robot3136
3137,robot3137
3138,robot3138
3139,robot3139
3140,robot3140
3141,robot3141
3142,robot3142
3143,robot3143
3144,robot3144
3145,robot3145
3146,robot3146
3147,robot3147
3148,robot3148
3149,robot3149
3150,robot3150
3151,robot3151
3152,robot3152
3153,robot3153
3154,robot3154
3155,robot3155
3156,robot3156
3157,robot3157
3158,robot3158
3159,robot3159
3160,robot3160
3161,robot3161
3162,robot3162
3163,robot3163
3164,robot3164
3165,robot3165
3166,robot3166
3167,robot3167
3168,robot3168
3169,robot3169
3170,robot3170
3171,robot3171
3172,robot3172
3173,robot3173
3174,robot3174
3175,robot3175
3176,robot3176
3177,robot3177
3178,robot3178
3179,robot3179
3180,robot3180
3181,robot3181
3182,robot3182
3183,robot3183
3184,robot3184
3185,robot3185
3186,robot3186
3187,robot3187
3188,robot3188
3189,robot3189
3190,robot3190
3191,robot3191
3192,robot3192
3193,robot3193
3194,robot3194
3195,robot3195
3196,robot3196
3197,robot3197
3198,robot3198
3199,robot3199
3200,robot3200
3201,robot3201
3202,robot3202
3203,robot3203
3204,robot3204
3205,robot3205
3206,robot3206
3207,robot3207
3208,robot3208
3209,robot3209
3210,robot3210
3211,robot3211
3212,robot3212
3213,robot3213
3214,robot3214
3215,robot3215
3216,robot3216
3217,robot3217
3218,robot3218
3219,robot3219
3220,robot3220
3221,robot3221
3222,robot3222
3223,robot3223
3224,robot3224
3225,robot3225
3226,robot3226
3227,robot3227
3228,robot3228
3229,robot3229
3230,robot3230
3231,robot3231
3232,robot3232
3233,robot3233
3234,robot3234
3235,robot3235
3236,robot3236
3237,robot3237
3238,robot3238
3239,robot3239
3240,robot3240
3241,robot3241
3242,robot3242
3243,robot3243
3244,robot3244
3245,robot3245
3246,robot3246
3247,robot3247
3248,robot3248
3249,robot3249
3250,robot3250
3251,robot3251
3252,robot3252
3253,robot3253
3254,robot3254
3255,robot3255
3256,robot3256
3257,robot3257
3258,robot3258
3259,robot3259
3260,robot3260
3261,robot3261
3262,robot3262
3263,robot3263
3264,robot3264
3265,robot3265
3266,robot3266
3267,robot3267
3268,robot3268
3269,robot3269
3270,robot3270
3271,robot3271
3272,robot3272
3273,robot3273
3274,robot3274
3275,robot3275
3276,robot3276
3277,robot3277
3278,robot3278
3279,robot3279
3280,robot3280
3281,robot3281
3282,robot3282
3283,robot3283
3284,robot3284
3285,robot3285
3286,robot3286
3287,robot3287
3288,robot3288
3289,robot3289
3290,robot3290
3291,robot3291
3292,robot3292
3293,robot3293
3294,robot3294
3295,robot3295
3296,robot3296
3297,robot3297
3298,robot3298
3299,robot3299
3300,robot3300
3301,robot3301
3302,robot3302
3303,robot3303
3304,robot3304
3305,robot3305
3306,robot3306
3307,robot3307
3308,robot3308
3309,robot3309
3310,robot3310
3311,robot3311
3312,robot3312
3313,robot3313
3314,robot3314
3315,robot3315
3316,robot3316
3317,robot3317
3318,robot3318
3319,robot3319
3320,robot3320
3321,robot3321
3322,robot3322
3323,robot3323
3324,robot3324
3325,robot3325
3326,robot3326
3327,robot3327
3328,robot3328
3329,robot3329
3330,robot3330
3331,robot3331
3332,robot3332
3333,robot3333
3334,robot3334
3335,robot3335
3336,robot3336
3337,robot3337
3338,robot3338
3339,robot3339
3340,robot3340
3341,robot3341
3342,robot3342
3343,robot3343
3344,robot3344
3345,robot3345
3346,robot3346
3347,robot3347
3348,robot3348
3349,robot3349
3350,robot3350
3351,robot3351
3352,robot3352
3353,robot3353
3354,robot3354
3355,robot3355
3356,robot3356
3357,robot3357
3358,robot3358
3359,robot3359
3360,robot3360
3361,robot3361
3362,robot3362
3363,robot3363
3364,robot3364
3365,robot3365
3366,robot3366
3367,robot3367
3368,robot3368
3369,robot3369
3370,robot3370
3371,robot3371
3372,robot3372
3373,robot3373
3374,robot3374
3375,robot3375
3376,robot3376
3377,robot3377
3378,robot3378
3379,robot3379
3380,robot3380
3381,robot3381
3382,robot3382
3383,robot3383
3384,robot3384
3385,robot3385
3386,robot3386
3387,robot3387
3388,robot3388
3389,robot3389
3390,robot3390
3391,robot3391
3392,robot3392
3393,robot3393
3394,robot3394
3395,robot3395
3396,robot3396
3397,robot3397
3398,robot3398
3399,robot3399
3400,robot3400
3401,robot3401
3402,robot3402
3403,robot3403
3404,robot3404
3405,robot3405
3406,robot3406
3407,robot3407
3408,robot3408
3409,robot3409
3410,robot3410
3411,robot3411
3412,robot3412
3413,robot3413
3414,robot3414
3415,robot3415
3416,robot3416
3417,robot3417
3418,robot3418
3419,robot3419
3420,robot3420
3421,robot3421
3422,robot3422
3423,robot3423
3424,robot3424
3425,robot3425
3426,robot3426
3427,robot3427
3428,robot3428
3429,robot3429
3430,robot3430
3431,robot3431
3432,robot3432
3433,robot3433
3434,robot3434
3435,robot3435
3436,robot3436
3437,robot3437
3438,robot3438
3439,robot3439
3440,robot3440
3441,robot3441
3442,robot3442
3443,robot3443
3444,robot3444
3445,robot3445
3446,robot3446
3447,robot3447
3448,robot3448
3449,robot3449
3450,robot3450
3451,robot3451
3452,robot3452
3453,robot3453
3454,robot3454
3455,robot3455
3456,robot3456
3457,robot3457
3458,robot3458
3459,robot3459
3460,robot3460
3461,robot3461
3462,robot3462
3463,robot3463
3464,robot3464
3465,robot3465
3466,robot3466
3467,robot3467
3468,robot3468
3469,robot3469
3470,robot3470
3471,robot3471
3472,robot3472
3473,robot3473
3474,robot3474
3475,robot3475
3476,robot3476
3477,robot3477
3478,robot3478
3479,robot3479
3480,robot3480
3481,robot3481
3482,robot3482
3483,robot3483
3484,robot3484
3485,robot3485
3486,robot3486
3487,robot3487
3488,robot3488
3489,robot3489
3490,robot3490
3491,robot3491
3492,robot3492
3493,robot3493
3494,robot3494
3495,robot3495
3496,robot3496
3497,robot3497
3498,robot3498
3499,robot3499
3500,robot3500
3501,robot3501
3502,robot3502
3503,robot3503
3504,robot3504
3505,robot3505
3506,robot3506
3507,robot3507
3508,robot3508
3509,robot3509
3510,robot3510
3511,robot3511
3512,robot3512
3513,robot3513
3514,robot3514
3515,robot3515
3516,robot3516
3517,robot3517
3518,robot3518
3519,robot3519
3520,robot3520
3521,robot3521
3522,robot3522
3523,robot3523
3524,robot3524
3525,robot3525
3526,robot3526
3527,robot3527
3528,robot3528
3529,robot3529
3530,robot3530
3531,robot3531
3532,robot3532
3533,robot3533
3534,robot3534
3535,robot3535
3536,robot3536
3537,robot3537
3538,robot3538
3539,robot3539
3540,robot3540
3541,robot3541
3542,robot3542
3543,robot3543
3544,robot3544
3545,robot3545
3546,robot3546
3547,robot3547
3548,robot3548
3549,robot3549
3550,robot3550
3551,robot3551
3552,robot3552
3553,robot3553
3554,robot3554
3555,robot3555
3556,robot3556
3557,robot3557
3558,robot3558
3559,robot3559
3560,robot3560
3561,robot3561
3562,robot3562
3563,robot3563
3564,robot3564
3565,robot3565
3566,robot3566
3567,robot3567
3568,robot3568
3569,robot3569
3570,robot3570
3571,robot3571
3572,robot3572
3573,robot3573
3574,robot3574
3575,robot3575
3576,robot3576
3577,robot3577
3578,robot3578
3579,robot3579
3580,robot3580
3581,robot3581
3582,robot3582
3583,robot3583
3584,robot3584
3585,robot3585
3586,robot3586
3587,robot3587
3588,robot3588
3589,robot3589
3590,robot3590
3591,robot3591
3592,robot3592
3593,robot3593
3594,robot3594
3595,robot3595
3596,robot3596
3597,robot3597
3598,robot3598
3599,robot3599
3600,robot3600
3601,robot3601
3602,robot3602
3603,robot3603
3604,robot3604
3605,robot3605
3606,robot3606
3607,robot3607
3608,robot3608
3609,robot3609
3610,robot3610
3611,robot3611
3612,robot3612
3613,robot3613
3614,robot3614
3615,robot3615
3616,robot3616
3617,robot3617
3618,robot3618
3619,robot3619
3620,robot3620
3621,robot3621
3622,robot3622
3623,robot3623
3624,robot3624
3625,robot3625
3626,robot3626
3627,robot3627
3628,robot3628
3629,robot3629
3630,robot3630
3631,robot3631
3632,robot3632
3633,robot3633
3634,robot3634
3635,robot3635
3636,robot3636
3637,robot3637
3638,robot3638
3639,robot3639
3640,robot3640
3641,robot3641
3642,robot3642
3643,robot3643
3644,robot3644
3645,robot3645
3646,robot3646
3647,robot3647
3648,robot3648
3649,robot3649
3650,robot3650
3651,robot3651
3652,robot3652
3653,robot3653
3654,robot3654
3655,robot3655
3656,robot3656
3657,robot3657
3658,robot3658
3659,robot3659
3660,robot3660
3661,robot3661
3662,robot3662
3663,robot3663
3664,robot3664
3665,robot3665
3666,robot3666
3667,robot3667
3668,robot3668
3669,robot3669
3670,robot3670
3671,robot3671
3672,robot3672
3673,robot3673
3674,robot3674
3675,robot3675
3676,robot3676
3677,robot3677
3678,robot3678
3679,robot3679
3680,robot3680
3681,robot3681
3682,robot3682
3683,robot3683
3684,robot3684
3685,robot3685
3686,robot3686
3687,robot3687
3688,robot3688
3689,robot3689
3690,robot3690
3691,robot3691
3692,robot3692
3693,robot3693
3694,robot3694
3695,robot3695
3696,robot3696
3697,robot3697
3698,robot3698
3699,robot3699
3700,robot3700
3701,robot3701
3702,robot3702
3703,robot3703
3704,robot3704
3705,robot3705
3706,robot3706
3707,robot3707
3708,robot3708
3709,robot3709
3710,robot3710
3711,robot3711
3712,robot3712
3713,robot3713
3714,robot3714
3715,robot3715
3716,robot3716
3717,robot3717
3718,robot3718
3719,robot3719
3720,robot3720
3721,robot3721
3722,robot3722
3723,robot3723
3724,robot3724
3725,robot3725
3726,robot3726
3727,robot3727
3728,robot3728
3729,robot3729
3730,robot3730
3731,robot3731
3732,robot3732
3733,robot3733
3734,robot3734
3735,robot3735
3736,robot3736
3737,robot3737
3738,robot3738
3739,robot3739
3740,robot3740
3741,robot3741
3742,robot3742
3743,robot3743
3744,robot3744
3745,robot3745
3746,robot3746
3747,robot3747
3748,robot3748
3749,robot3749
3750,robot3750
3751,robot3751
3752,robot3752
3753,robot3753
3754,robot3754
3755,robot3755
3756,robot3756
3757,robot3757
3758,robot3758
3759,robot3759
3760,robot3760
3761,robot3761
3762,robot3762
3763,robot3763
3764,robot3764
3765,robot3765
3766,robot3766
3767,robot3767
3768,robot3768
3769,robot3769
3770,robot3770
3771,robot3771
3772,robot3772
3773,robot3773
3774,robot3774
3775,robot3775
3776,robot3776
3777,robot3777
3778,robot3778
3779,robot3779
3780,robot3780
3781,robot3781
3782,robot3782
3783,robot3783
3784,robot3784
3785,robot3785
3786,robot3786
3787,robot3787
3788,robot3788
3789,robot3789
3790,robot3790
3791,robot3791
3792,robot3792
3793,robot3793
3794,robot3794
3795,robot3795
3796,robot3796
3797,robot3797
3798,robot3798
3799,robot3799
3800,robot3800
3801,robot3801
3802,robot3802
3803,robot3803
3804,robot3804
3805,robot3805
3806,robot3806
3807,robot3807
3808,robot3808
3809,robot3809
3810,robot3810
3811,robot3811
3812,robot3812
3813,robot3813
3814,robot3814
3815,robot3815
3816,robot3816
3817,robot3817
3818,robot3818
3819,robot3819
3820,robot3820
3821,robot3821
3822,robot3822
3823,robot3823
3824,robot3824
3825,robot3825
3826,robot3826
3827,robot3827
3828,robot3828
3829,robot3829
3830,robot3830
3831,robot3831
3832,robot3832
3833,robot3833
3834,robot3834
3835,robot3835
3836,robot3836
3837,robot3837
3838,robot3838
3839,robot3839
3840,robot3840
3841,robot3841
3842,robot3842
3843,robot3843
3844,robot3844
3845,robot3845
3846,robot3846
3847,robot3847
3848,robot3848
3849,robot3849
3850,robot3850
3851,robot3851
3852,robot3852
3853,robot3853
3854,robot3854
3855,robot3855
3856,robot3856
3857,robot3857
3858,robot3858
3859,robot3859
3860,robot3860
3861,robot3861
3862,robot3862
3863,robot3863
3864,robot3864
3865,robot3865
3866,robot3866
3867,robot3867
3868,robot3868
3869,robot3869
3870,robot3870
3871,robot3871
3872,robot3872
3873,robot3873
3874,robot3874
3875,robot3875
3876,robot3876
3877,robot3877
3878,robot3878
3879,robot3879
3880,robot3880
3881,robot3881
3882,robot3882
3883,robot3883
3884,robot3884
3885,robot3885
3886,robot3886
3887,robot3887
3888,robot3888
3889,robot3889
3890,robot3890
3891,robot3891
3892,robot3892
3893,robot3893
3894,robot3894
3895,robot3895
3896,robot3896
3897,robot3897
3898,robot3898
3899,robot3899
3900,robot3900
3901,robot3901
3902,robot3902
3903,robot3903
3904,robot3904
3905,robot3905
3906,robot3906
3907,robot3907
3908,robot3908
3909,robot3909
3910,robot3910
3911,robot3911
3912,robot3912
3913,robot3913
3914,robot3914
3915,robot3915
3916,robot3916
3917,robot3917
3918,robot3918
3919,robot3919
3920,robot3920
3921,robot3921
3922,robot3922
3923,robot3923
3924,robot3924
3925,robot3925
3926,robot3926
3927,robot3927
3928,robot3928
3929,robot3929
3930,robot3930
3931,robot3931
3932,robot3932
3933,robot3933
3934,robot3934
3935,robot3935
3936,robot3936
3937,robot3937
3938,robot3938
3939,robot3939
3940,robot3940
3941,robot3941
3942,robot3942
3943,robot3943
3944,robot3944
3945,robot3945
3946,robot3946
3947,robot3947
3948,robot3948
3949,robot3949
3950,robot3950
3951,robot3951
3952,robot3952
3953,robot3953
3954,robot3954
3955,robot3955
3956,robot3956
3957,robot3957
3958,robot3958
3959,robot3959
3960,robot3960
3961,robot3961
3962,robot3962
3963,robot3963
3964,robot3964
3965,robot3965
3966,robot3966
3967,robot3967
3968,robot3968
3969,robot3969
3970,robot3970
3971,robot3971
3972,robot3972
3973,robot3973
3974,robot3974
3975,robot3975
3976,robot3976
3977,robot3977
3978,robot3978
3979,robot3979
3980,robot3980
3981,robot3981
3982,robot3982
3983,robot3983
3984,robot3984
3985,robot3985
3986,robot3986
3987,robot3987
3988,robot3988
3989,robot3989
3990,robot3990
3991,robot3991
3992,robot3992
3993,robot3993
3994,robot3994
3995,robot3995
3996,robot3996
3997,robot3997
3998,robot3998
3999,robot3999
4000,robot4000
4001,robot4001
4002,robot4002
4003,robot4003
4004,robot4004
4005,robot4005
4006,robot4006
4007,robot4007
4008,robot4008
4009,robot4009
4010,robot4010
4011,robot4011
4012,robot4012
4013,robot4013
4014,robot4014
4015,robot4015
4016,robot4016
4017,robot4017
4018,robot4018
4019,robot4019
4020,robot4020
4021,robot4021
4022,robot4022
4023,robot4023
4024,robot4024
4025,robot4025
4026,robot4026
4027,robot4027
4028,robot4028
4029,robot4029
4030,robot4030
4031,robot4031
4032,robot4032
4033,robot4033
4034,robot4034
4035,robot4035
4036,robot4036
4037,robot4037
4038,robot4038
4039,robot4039
4040,robot4040
4041,robot4041
4042,robot4042
4043,robot4043
4044,robot4044
4045,robot4045
4046,robot4046
4047,robot4047
4048,robot4048
4049,robot4049
4050,robot4050
4051,robot4051
4052,robot4052
4053,robot4053
4054,robot4054
4055,robot4055
4056,robot4056
4057,robot4057
4058,robot4058
4059,robot4059
4060,robot4060
4061,robot4061
4062,robot4062
4063,robot4063
4064,robot4064
4065,robot4065
4066,robot4066
4067,robot4067
4068,robot4068
4069,robot4069
4070,robot4070
4071,robot4071
4072,robot4072
4073,robot4073
4074,robot4074
4075,robot4075
4076,robot4076
4077,robot4077
4078,robot4078
4079,robot4079
4080,robot4080
4081,robot4081
4082,robot4082
4083,robot4083
4084,robot4084
4085,robot4085
4086,robot4086
4087,robot4087
4088,robot4088
4089,robot4089
4090,robot4090
4091,robot4091
4092,robot4092
4093,robot4093
4094,robot4094
4095,robot4095
4096,robot4096
4097,robot4097
4098,robot4098
4099,robot4099
4100,robot4100
4101,robot4101
4102,robot4102
4103,robot4103
4104,robot4104
4105,robot4105
4106,robot4106
4107,robot4107
4108,robot4108
4109,robot4109
4110,robot4110
4111,robot4111
4112,robot4112
4113,robot4113
4114,robot4114
4115,robot4115
4116,robot4116
4117,robot4117
4118,robot4118
4119,robot4119
4120,robot4120
4121,robot4121
4122,robot4122
4123,robot4123
4124,robot4124
4125,robot4125
4126,robot4126
4127,robot4127
4128,robot4128
4129,robot4129
4130,robot4130
4131,robot4131
4132,robot4132
4133,robot4133
4134,robot4134
4135,robot4135
4136,robot4136
4137,robot4137
4138,robot4138
4139,robot4139
4140,robot4140
4141,robot4141
4142,robot4142
4143,robot4143
4144,robot4144
4145,robot4145
4146,robot4146
4147,robot4147
4148,robot4148
4149,robot4149
4150,robot4150
4151,robot4151
4152,robot4152
4153,robot4153
4154,robot4154
4155,robot4155
4156,robot4156
4157,robot4157
4158,robot4158
4159,robot4159
4160,robot4160
4161,robot4161
4162,robot4162
4163,robot4163
4164,robot4164
4165,robot4165
4166,robot4166
4167,robot4167
4168,robot4168
4169,robot4169
4170,robot4170
4171,robot4171
4172,robot4172
4173,robot4173
4174,robot4174
4175,robot4175
4176,robot4176
4177,robot4177
4178,robot4178
4179,robot4179
4180,robot4180
4181,robot4181
4182,robot4182
4183,robot4183
4184,robot4184
4185,robot4185
4186,robot4186
4187,robot4187
4188,robot4188
4189,robot4189
4190,robot4190
4191,robot4191
4192,robot4192
4193,robot4193
4194,robot4194
4195,robot4195
4196,robot4196
4197,robot4197
4198,robot4198
4199,robot4199
4200,robot4200
4201,robot4201
4202,robot4202
4203,robot4203
4204,robot4204
4205,robot4205
4206,robot4206
4207,robot4207
4208,robot4208
4209,robot4209
4210,robot4210
4211,robot4211
4212,robot4212
4213,robot4213
4214,robot4214
4215,robot4215
4216,robot4216
4217,robot4217
4218,robot4218
4219,robot4219
4220,robot4220
4221,robot4221
4222,robot4222
4223,robot4223
4224,robot4224
4225,robot4225
4226,robot4226
4227,robot4227
4228,robot4228
4229,robot4229
4230,robot4230
4231,robot4231
4232,robot4232
4233,robot4233
4234,robot4234
4235,robot4235
4236,robot4236
4237,robot4237
4238,robot4238
4239,robot4239
4240,robot4240
4241,robot4241
4242,robot4242
4243,robot4243
4244,robot4244
4245,robot4245
4246,robot4246
4247,robot4247
4248,robot4248
4249,robot4249
4250,robot4250
4251,robot4251
4252,robot4252
4253,robot4253
4254,robot4254
4255,robot4255
4256,robot4256
4257,robot4257
4258,robot4258
4259,robot4259
4260,robot4260
4261,robot4261
4262,robot4262
4263,robot4263
4264,robot4264
4265,robot4265
4266,robot4266
4267,robot4267
4268,robot4268
4269,robot4269
4270,robot4270
4271,robot4271
4272,robot4272
4273,robot4273
4274,robot4274
4275,robot4275
4276,robot4276
4277,robot4277
4278,robot4278
4279,robot4279
4280,robot4280
4281,robot4281
4282,robot4282
4283,robot4283
4284,robot4284
4285,robot4285
4286,robot4286
4287,robot4287
4288,robot4288
4289,robot4289
4290,robot4290
4291,robot4291
4292,robot4292
4293,robot4293
4294,robot4294
4295,robot4295
4296,robot4296
4297,robot4297
4298,robot4298
4299,robot4299
4300,robot4300
4301,robot4301
4302,robot4302
4303,robot4303
4304,robot4304
4305,robot4305
4306,robot4306
4307,robot4307
4308,robot4308
4309,robot4309
4310,robot4310
4311,robot4311
4312,robot4312
4313,robot4313
4314,robot4314
4315,robot4315
4316,robot4316
4317,robot4317
4318,robot4318
4319,robot4319
4320,robot4320
4321,robot4321
4322,robot4322
4323,robot4323
4324,robot4324
4325,robot4325
4326,robot4326
4327,robot4327
4328,robot4328
4329,robot4329
4330,robot4330
4331,robot4331
4332,robot4332
4333,robot4333
4334,robot4334
4335,robot4335
4336,robot4336
4337,robot4337
4338,robot4338
4339,robot4339
4340,robot4340
4341,robot4341
4342,robot4342
4343,robot4343
4344,robot4344
4345,robot4345
4346,robot4346
4347,robot4347
4348,robot4348
4349,robot4349
4350,robot4350
4351,robot4351
4352,robot4352
4353,robot4353
4354,robot4354
4355,robot4355
4356,robot4356
4357,robot4357
4358,robot4358
4359,robot4359
4360,robot4360
4361,robot4361
4362,robot4362
4363,robot4363
4364,robot4364
4365,robot4365
4366,robot4366
4367,robot4367
4368,robot4368
4369,robot4369
4370,robot4370
4371,robot4371
4372,robot4372
4373,robot4373
4374,robot4374
4375,robot4375
4376,robot4376
4377,robot4377
4378,robot4378
4379,robot4379
4380,robot4380
4381,robot4381
4382,robot4382
4383,robot4383
4384,robot4384
4385,robot4385
4386,robot4386
4387,robot4387
4388,robot4388
4389,robot4389
4390,robot4390
4391,robot4391
4392,robot4392
4393,robot4393
4394,robot4394
4395,robot4395
4396,robot4396
4397,robot4397
4398,robot4398
4399,robot4399
4400,robot4400
4401,robot4401
4402,robot4402
4403,robot4403
4404,robot4404
4405,robot4405
4406,robot4406
4407,robot4407
4408,robot4408
4409,robot4409
4410,robot4410
4411,robot4411
4412,robot4412
4413,robot4413
4414,robot4414
4415,robot4415
4416,robot4416
4417,robot4417
4418,robot4418
4419,robot4419
4420,robot4420
4421,robot4421
4422,robot4422
4423,robot4423
4424,robot4424
4425,robot4425
4426,robot4426
4427,robot4427
4428,robot4428
4429,robot4429
4430,robot4430
4431,robot4431
4432,robot4432
4433,robot4433
4434,robot4434
4435,robot4435
4436,robot4436
4437,robot4437
4438,robot4438
4439,robot4439
4440,robot4440
4441,robot4441
4442,robot4442
4443,robot4443
4444,robot4444
4445,robot4445
4446,robot4446
4447,robot4447
4448,robot4448
4449,robot4449
4450,robot4450
4451,robot4451
4452,robot4452
4453,robot4453
4454,robot4454
4455,robot4455
4456,robot4456
4457,robot4457
4458,robot4458
4459,robot4459
4460,robot4460
4461,robot4461
4462,robot4462
4463,robot4463
4464,robot4464
4465,robot4465
4466,robot4466
4467,robot4467
4468,robot4468
4469,robot4469
4470,robot4470
4471,robot4471
4472,robot4472
4473,robot4473
4474,robot4474
4475,robot4475
4476,robot4476
4477,robot4477
4478,robot4478
4479,robot4479
4480,robot4480
4481,robot4481
4482,robot4482
4483,robot4483
4484,robot4484
4485,robot4485
4486,robot4486
4487,robot4487
4488,robot4488
4489,robot4489
4490,robot4490
4491,robot4491
4492,robot4492
4493,robot4493
4494,robot4494
4495,robot4495
4496,robot4496
4497,robot4497
4498,robot4498
4499,robot4499
4500,robot4500
4501,robot4501
4502,robot4502
4503,robot4503
4504,robot4504
4505,robot4505
4506,robot4506
4507,robot4507
4508,robot4508
4509,robot4509
4510,robot4510
4511,robot4511
4512,robot4512
4513,robot4513
4514,robot4514
4515,robot4515
4516,robot4516
4517,robot4517
4518,robot4518
4519,robot4519
4520,robot4520
4521,robot4521
4522,robot4522
4523,robot4523
4524,robot4524
4525,robot4525
4526,robot4526
4527,robot4527
4528,robot4528
4529,robot4529
4530,robot4530
4531,robot4531
4532,robot4532
4533,robot4533
4534,robot4534
4535,robot4535
4536,robot4536
4537,robot4537
4538,robot4538
4539,robot4539
4540,robot4540
4541,robot4541
4542,robot4542
4543,robot4543
4544,robot4544
4545,robot4545
4546,robot4546
4547,robot4547
4548,robot4548
4549,robot4549
4550,robot4550
4551,robot4551
4552,robot4552
4553,robot4553
4554,robot4554
4555,robot4555
4556,robot4556
4557,robot4557
4558,robot4558
4559,robot4559
4560,robot4560
4561,robot4561
4562,robot4562
4563,robot4563
4564,robot4564
4565,robot4565
4566,robot4566
4567,robot4567
4568,robot4568
4569,robot4569
4570,robot4570
4571,robot4571
4572,robot4572
4573,robot4573
4574,robot4574
4575,robot4575
4576,robot4576
4577,robot4577
4578,robot4578
4579,robot4579
4580,robot4580
4581,robot4581
4582,robot4582
4583,robot4583
4584,robot4584
4585,robot4585
4586,robot4586
4587,robot4587
4588,robot4588
4589,robot4589
4590,robot4590
4591,robot4591
4592,robot4592
4593,robot4593
4594,robot4594
4595,robot4595
4596,robot4596
4597,robot4597
4598,robot4598
4599,robot4599
4600,robot4600
4601,robot4601
4602,robot4602
4603,robot4603
4604,robot4604
4605,robot4605
4606,robot4606
4607,robot4607
4608,robot4608
4609,robot4609
4610,robot4610
4611,robot4611
4612,robot4612
4613,robot4613
4614,robot4614
4615,robot4615
4616,robot4616
4617,robot4617
4618,robot4618
4619,robot4619
4620,robot4620
4621,robot4621
4622,robot4622
4623,robot4623
4624,robot4624
4625,robot4625
4626,robot4626
4627,robot4627
4628,robot4628
4629,robot4629
4630,robot4630
4631,robot4631
4632,robot4632
4633,robot4633
4634,robot4634
4635,robot4635
4636,robot4636
4637,robot4637
4638,robot4638
4639,robot4639
4640,robot4640
4641,robot4641
4642,robot4642
4643,robot4643
4644,robot4644
4645,robot4645
4646,robot4646
4647,robot4647
4648,robot4648
4649,robot4649
4650,robot4650
4651,robot4651
4652,robot4652
4653,robot4653
4654,robot4654
4655,robot4655
4656,robot4656
4657,robot4657
4658,robot4658
4659,robot4659
4660,robot4660
4661,robot4661
4662,robot4662
4663,robot4663
4664,robot4664
4665,robot4665
4666,robot4666
4667,robot4667
4668,robot4668
4669,robot4669
4670,robot4670
4671,robot4671
4672,robot4672
4673,robot4673
4674,robot4674
4675,robot4675
4676,robot4676
4677,robot4677
4678,robot4678
4679,robot4679
4680,robot4680
4681,robot4681
4682,robot4682
4683,robot4683
4684,robot4684
4685,robot4685
4686,robot4686
4687,robot4687
4688,robot4688
4689,robot4689
4690,robot4690
4691,robot4691
4692,robot4692
4693,robot4693
4694,robot4694
4695,robot4695
4696,robot4696
4697,robot4697
4698,robot4698
4699,robot4699
4700,robot4700
4701,robot4701
4702,robot4702
4703,robot4703
4704,robot4704
4705,robot4705
4706,robot4706
4707,robot4707
4708,robot4708
4709,robot4709
4710,robot4710
4711,robot4711
4712,robot4712
4713,robot4713
4714,robot4714
4715,robot4715
4716,robot4716
4717,robot4717
4718,robot4718
4719,robot4719
4720,robot4720
4721,robot4721
4722,robot4722
4723,robot4723
4724,robot4724
4725,robot4725
4726,robot4726
4727,robot4727
4728,robot4728
4729,robot4729
4730,robot4730
4731,robot4731
4732,robot4732
4733,robot4733
4734,robot4734
4735,robot4735
4736,robot4736
4737,robot4737
4738,robot4738
4739,robot4739
4740,robot4740
4741,robot4741
4742,robot4742
4743,robot4743
4744,robot4744
4745,robot4745
4746,robot4746
4747,robot4747
4748,robot4748
4749,robot4749
4750,robot4750
4751,robot4751
4752,robot4752
4753,robot4753
4754,robot4754
4755,robot4755
4756,robot4756
4757,robot4757
4758,robot4758
4759,robot4759
4760,robot4760
4761,robot4761
4762,robot4762
4763,robot4763
4764,robot4764
4765,robot4765
4766,robot4766
4767,robot4767
4768,robot4768
4769,robot4769
4770,robot4770
4771,robot4771
4772,robot4772
4773,robot4773
4774,robot4774
4775,robot4775
4776,robot4776
4777,robot4777
4778,robot4778
4779,robot4779
4780,robot4780
4781,robot4781
4782,robot4782
4783,robot4783
4784,robot4784
4785,robot4785
4786,robot4786
4787,robot4787
4788,robot4788
4789,robot4789
4790,robot4790
4791,robot4791
4792,robot4792
4793,robot4793
4794,robot4794
4795,robot4795
4796,robot4796
4797,robot4797
4798,robot4798
4799,robot4799
4800,robot4800
4801,robot4801
4802,robot4802
4803,robot4803
4804,robot4804
4805,robot4805
4806,robot4806
4807,robot4807
4808,robot4808
4809,robot4809
4810,robot4810
4811,robot4811
4812,robot4812
4813,robot4813
4814,robot4814
4815,robot4815
4816,robot4816
4817,robot4817
4818,robot4818
4819,robot4819
4820,robot4820
4821,robot4821
4822,robot4822
4823,robot4823
4824,robot4824
4825,robot4825
4826,robot4826
4827,robot4827
4828,robot4828
4829,robot4829
4830,robot4830
4831,robot4831
4832,robot4832
4833,robot4833
4834,robot4834
4835,robot4835
4836,robot4836
4837,robot4837
4838,robot4838
4839,robot4839
4840,robot4840
4841,robot4841
4842,robot4842
4843,robot4843
4844,robot4844
4845,robot4845
4846,robot4846
4847,robot4847
4848,robot4848
4849,robot4849
4850,robot4850
4851,robot4851
4852,robot4852
4853,robot4853
4854,robot4854
4855,robot4855
4856,robot4856
4857,robot4857
4858,robot4858
4859,robot4859
4860,robot4860
4861,robot4861
4862,robot4862
4863,robot4863
4864,robot4864
4865,robot4865
4866,robot4866
4867,robot4867
4868,robot4868
4869,robot4869
4870,robot4870
4871,robot4871
4872,robot4872
4873,robot4873
4874,robot4874
4875,robot4875
4876,robot4876
4877,robot4877
4878,robot4878
4879,robot4879
4880,robot4880
4881,robot4881
4882,robot4882
4883,robot4883
4884,robot4884
4885,robot4885
4886,robot4886
4887,robot4887
4888,robot4888
4889,robot4889
4890,robot4890
4891,robot4891
4892,robot4892
4893,robot4893
4894,robot4894
4895,robot4895
4896,robot4896
4897,robot4897
4898,robot4898
4899,robot4899
4900,robot4900
4901,robot4901
4902,robot4902
4903,robot4903
4904,robot4904
4905,robot4905
4906,robot4906
4907,robot4907
4908,robot4908
4909,robot4909
4910,robot4910
4911,robot4911
4912,robot4912
4913,robot4913
4914,robot4914
4915,robot4915
4916,robot4916
4917,robot4917
4918,robot4918
4919,robot4919
4920,robot4920
4921,robot4921
4922,robot4922
4923,robot4923
4924,robot4924
4925,robot4925
4926,robot4926
4927,robot4927
4928,robot4928
4929,robot4929
4930,robot4930
4931,robot4931
4932,robot4932
4933,robot4933
4934,robot4934
4935,robot4935
4936,robot4936
4937,robot4937
4938,robot4938
4939,robot4939
4940,robot4940
4941,robot4941
4942,robot4942
4943,robot4943
4944,robot4944
4945,robot4945
4946,robot4946
4947,robot4947
4948,robot4948
4949,robot4949
4950,robot4950
4951,robot4951
4952,robot4952
4953,robot4953
4954,robot4954
4955,robot4955
4956,robot4956
4957,robot4957
4958,robot4958
4959,robot4959
4960,robot4960
4961,robot4961
4962,robot4962
4963,robot4963
4964,robot4964
4965,robot4965
4966,robot4966
4967,robot4967
4968,robot4968
4969,robot4969
4970,robot4970
4971,robot4971
4972,robot4972
4973,robot4973
4974,robot4974
4975,robot4975
4976,robot4976
4977,robot4977
4978,robot4978
4979,robot4979
4980,robot4980
4981,robot4981
4982,robot4982
4983,robot4983
4984,robot4984
4985,robot4985
4986,robot4986
4987,robot4987
4988,robot4988
4989,robot4989
4990,robot4990
4991,robot4991
4992,robot4992
4993,robot4993
4994,robot4994
4995,robot4995
4996,robot4996
4997,robot4997
4998,robot4998
4999,robot4999
5000,robot5000
